{
  "project_info": {
    "project_number": "220381544393",
    "firebase_url": "https://habittracker-a33d8-default-rtdb.firebaseio.com",
    "project_id": "habittracker-a33d8",
    "storage_bucket": "habittracker-a33d8.appspot.com"
  },
  "client": [
    {
      "client_info": {
        "mobilesdk_app_id": "1:220381544393:android:c00a4569febbaa3959f218",
        "android_client_info": {
          "package_name": "com.example.habittracker"
        }
      },
      "oauth_client": [
        {
          "client_id": "220381544393-okeargpmfl8ddm8s17asvmr5dl5kllj1.apps.googleusercontent.com",
          "client_type": 3
        }
      ],
      "api_key": [
        {
          "current_key": "AIzaSyA9r1zGpFtwU3fVbE3m3GZLRT4eZKi8j-I"
        }
      ],
      "services": {
        "appinvite_service": {
          "other_platform_oauth_client": [
            {
              "client_id": "220381544393-okeargpmfl8ddm8s17asvmr5dl5kllj1.apps.googleusercontent.com",
              "client_type": 3
            }
          ]
        }
      }
    }
  ],
  "configuration_version": "1"
}